-- 맴버 생성
INSERT INTO MEMBER (ID, EMAIL, PASSWORD, NICKNAME, INTRODUCTION)
VALUES (667, 'test@gmail.com', '1234', '테스트', '테스트입니다.');

-- 씨드 생성
INSERT INTO SEED (ID, NAME) VALUES (667, 'BOOK');
INSERT INTO SEED (ID, NAME) VALUES (666, 'ETC');

-- 트리 생성 (ETC 트리)
INSERT INTO TREE (ID, MEMBER_ID, SEED_ID, TITLE, DESCRIPTION, BOOK_MARK_COUNT, VISIBILITY)
VALUES (667, 667, 666, 'testTree', 'testDesc', 0, 1);

-- 리프 태그 생성
INSERT INTO LEAF_TAG (ID, MEMBER_ID, NAME) VALUES (1, 667, '리프 태그 테스트');
INSERT INTO LEAF_TAG (ID, MEMBER_ID, NAME) VALUES (2, 667, '리프 태그 테스트');
INSERT INTO LEAF_TAG (ID, MEMBER_ID, NAME) VALUES (3, 667, '리프 태그 테스트');

-- 리프 생성
INSERT INTO LEAF (ID, TREE_ID, PARENT_LEAF_ID, VISIBILITY, VIEW_COUNT, LIKE_COUNT, TITLE, CONTENT, CHILD_LEAF_COUNT, BOOK_MARK) VALUES (6670, 667, NULL, 1, 0, 0, 'testLeaf6670', 'testLeafContent6675', 0, 0);
INSERT INTO LEAF (ID, TREE_ID, PARENT_LEAF_ID, VISIBILITY, VIEW_COUNT, LIKE_COUNT, TITLE, CONTENT, CHILD_LEAF_COUNT, BOOK_MARK) VALUES (6671, 667, 6670, 1, 0, 0, 'testLeaf6670', 'testLeafContent6675', 0, 0);

-- 리프 북 생성
INSERT INTO LEAF_BOOK (LEAF_ID, START_PAGE, END_PAGE) VALUES (6670, 1, 10);

-- 리프 태그 맵 생성
INSERT INTO LEAF_TAG_MAP (LEAF_ID, LEAF_TAG_ID) VALUES (6670, 1);
INSERT INTO LEAF_TAG_MAP (LEAF_ID, LEAF_TAG_ID) VALUES (6670, 2);
INSERT INTO LEAF_TAG_MAP (LEAF_ID, LEAF_TAG_ID) VALUES (6670, 3);

INSERT INTO LEAF_TAG_MAP (LEAF_ID, LEAF_TAG_ID) VALUES (6671, 1);
INSERT INTO LEAF_TAG_MAP (LEAF_ID, LEAF_TAG_ID) VALUES (6671, 2);
INSERT INTO LEAF_TAG_MAP (LEAF_ID, LEAF_TAG_ID) VALUES (6671, 3);

-- 리프 댓글
INSERT INTO LEAF_COMMENT (ID, LEAF_ID, MEMBER_ID, CONTENT, LIKE_COUNT) VALUES (667, 6670, 667, 'testLeafComment', 0);

-- 리프 좋아요 생성
INSERT INTO LEAF_LIKE (LEAF_ID, MEMBER_ID) VALUES (6671, 667);