-- 맴버 생성
INSERT INTO MEMBER (ID, EMAIL, PASSWORD, NICKNAME, INTRODUCTION)
VALUES (557, 'test@gmail.com', '1234', '테스트', '테스트입니다.');

-- 씨드 생성
INSERT INTO SEED (ID, NAME) VALUES (557, 'BOOK');
INSERT INTO SEED (ID, NAME) VALUES (556, 'ETC');

-- 트리 생성 (ETC 트리)
INSERT INTO TREE (ID, MEMBER_ID, SEED_ID, TITLE, DESCRIPTION, BOOK_MARK_COUNT, VISIBILITY)
VALUES (557, 557, 556, 'testTree', 'testDesc', 0, 1);

-- 리프 태그 생성
INSERT INTO LEAF_TAG (ID, MEMBER_ID, NAME) VALUES (1, 557, '리프 태그 테스트');
INSERT INTO LEAF_TAG (ID, MEMBER_ID, NAME) VALUES (2, 557, '리프 태그 테스트');
INSERT INTO LEAF_TAG (ID, MEMBER_ID, NAME) VALUES (3, 557, '리프 태그 테스트');

-- 리프 생성
INSERT INTO LEAF (ID, TREE_ID, PARENT_LEAF_ID, VISIBILITY, VIEW_COUNT, LIKE_COUNT, TITLE, CONTENT, CHILD_LEAF_COUNT, BOOK_MARK) VALUES (5570, 557, NULL, 1, 0, 0, 'testLeaf5570', 'testLeafContent5575', 0, 0);
INSERT INTO LEAF (ID, TREE_ID, PARENT_LEAF_ID, VISIBILITY, VIEW_COUNT, LIKE_COUNT, TITLE, CONTENT, CHILD_LEAF_COUNT, BOOK_MARK) VALUES (5571, 557, 5570, 1, 0, 0, 'testLeaf5570', 'testLeafContent5575', 0, 0);

INSERT INTO LEAF (ID, TREE_ID, PARENT_LEAF_ID, VISIBILITY, VIEW_COUNT, LIKE_COUNT, TITLE, CONTENT, CHILD_LEAF_COUNT, BOOK_MARK) VALUES (2, 1, 5570, 1, 0, 0, 'testLeaf5570', 'testLeafContent5575', 0, 0);


-- 리프 북 생성
INSERT INTO LEAF_BOOK (LEAF_ID, START_PAGE, END_PAGE) VALUES (5570, 1, 10);

-- 리프 태그 맵 생성
INSERT INTO LEAF_TAG_MAP (LEAF_ID, LEAF_TAG_ID) VALUES (5570, 1);
INSERT INTO LEAF_TAG_MAP (LEAF_ID, LEAF_TAG_ID) VALUES (5570, 2);
INSERT INTO LEAF_TAG_MAP (LEAF_ID, LEAF_TAG_ID) VALUES (5570, 3);

INSERT INTO LEAF_TAG_MAP (LEAF_ID, LEAF_TAG_ID) VALUES (5571, 1);
INSERT INTO LEAF_TAG_MAP (LEAF_ID, LEAF_TAG_ID) VALUES (5571, 2);
INSERT INTO LEAF_TAG_MAP (LEAF_ID, LEAF_TAG_ID) VALUES (5571, 3);

-- 리프 댓글
INSERT INTO LEAF_COMMENT (ID, LEAF_ID, MEMBER_ID, CONTENT, LIKE_COUNT) VALUES (557, 5570, 557, 'testLeafComment', 0);
INSERT INTO LEAF_COMMENT (ID, LEAF_ID, MEMBER_ID, CONTENT, LIKE_COUNT) VALUES (558, 5570, 557, 'testLeafComment', 0);

-- 리프 좋아요 생성
INSERT INTO LEAF_LIKE (LEAF_ID, MEMBER_ID) VALUES (5571, 557);

-- 리프 댓글 좋아요 생성
INSERT INTO LEAF_COMMENT_LIKE (LEAF_COMMENT_ID, MEMBER_ID) VALUES (558, 557);