-- 맴버 생성
INSERT INTO MEMBER (ID, EMAIL, PASSWORD, NICKNAME, INTRODUCTION)
VALUES (888, 'test@gmail.com', '1234', '테스트', '테스트입니다.');

-- 씨드 생성
INSERT INTO SEED (ID, NAME) VALUES (887, 'BOOK');
INSERT INTO SEED (ID, NAME) VALUES (886, 'ETC');

-- 트리 생성 (ETC 트리)
INSERT INTO TREE (ID, MEMBER_ID, SEED_ID, TITLE, DESCRIPTION, BOOK_MARK_COUNT, VISIBILITY)
VALUES (888, 888, 886, 'testTree', 'testDesc', 0, 1);

-- 리프 태그 생성
INSERT INTO LEAF_TAG (ID, MEMBER_ID, NAME) VALUES (1, 888, '리프 태그 테스트');
INSERT INTO LEAF_TAG (ID, MEMBER_ID, NAME) VALUES (2, 888, '리프 태그 테스트');
INSERT INTO LEAF_TAG (ID, MEMBER_ID, NAME) VALUES (3, 888, '리프 태그 테스트');

-- 리프 생성
INSERT INTO LEAF (ID, TREE_ID, PARENT_LEAF_ID, VISIBILITY, VIEW_COUNT, LIKE_COUNT, TITLE, CONTENT, CHILD_LEAF_COUNT, BOOK_MARK) VALUES (8880, 888, NULL, 1, 0, 0, 'testLeaf8870', 'testLeafContent8875', 0, 0);
INSERT INTO LEAF (ID, TREE_ID, PARENT_LEAF_ID, VISIBILITY, VIEW_COUNT, LIKE_COUNT, TITLE, CONTENT, CHILD_LEAF_COUNT, BOOK_MARK) VALUES (8881, 888, 8880, 1, 0, 0, 'testLeaf8870', 'testLeafContent8875', 0, 0);

-- 리프 태그 맵 생성
INSERT INTO LEAF_TAG_MAP (LEAF_ID, LEAF_TAG_ID) VALUES (8880, 1);
INSERT INTO LEAF_TAG_MAP (LEAF_ID, LEAF_TAG_ID) VALUES (8880, 2);
INSERT INTO LEAF_TAG_MAP (LEAF_ID, LEAF_TAG_ID) VALUES (8880, 3);

INSERT INTO LEAF_TAG_MAP (LEAF_ID, LEAF_TAG_ID) VALUES (8881, 1);
INSERT INTO LEAF_TAG_MAP (LEAF_ID, LEAF_TAG_ID) VALUES (8881, 2);
INSERT INTO LEAF_TAG_MAP (LEAF_ID, LEAF_TAG_ID) VALUES (8881, 3);

-- 리프 좋아요 생성
INSERT INTO LEAF_LIKE (LEAF_ID, MEMBER_ID) VALUES (8881, 888);