-- 맴버 생성
INSERT INTO MEMBER (ID, EMAIL, PASSWORD, NICKNAME, INTRODUCTION)
VALUES (997, 'test@gmail.com', '1234', '테스트', '테스트입니다.');

-- 리프 태그 생성
INSERT INTO LEAF_TAG (ID, MEMBER_ID, NAME) VALUES (1, 997, '리프 태그 테스트');
INSERT INTO LEAF_TAG (ID, MEMBER_ID, NAME) VALUES (2, 997, '리프 태그 테스트');
INSERT INTO LEAF_TAG (ID, MEMBER_ID, NAME) VALUES (3, 997, '리프 태그 테스트');

-- 씨드 생성
INSERT INTO SEED (ID, NAME) VALUES (997, 'BOOK');
INSERT INTO SEED (ID, NAME) VALUES (996, 'ETC');

-- 트리 생성 (ETC 트리)
INSERT INTO TREE (ID, MEMBER_ID, SEED_ID, TITLE, DESCRIPTION, BOOK_MARK_COUNT, VISIBILITY)
VALUES (997, 997, 996, 'testTree', 'testDesc', 0, 1);

INSERT INTO TREE (ID, MEMBER_ID, SEED_ID, TITLE, DESCRIPTION, BOOK_MARK_COUNT, VISIBILITY)
VALUES (998, 997, 996, 'testTree', 'testDesc', 0, 1);

-- 루트 리프 생성


-- 루트 자식 리프 생성
-- 997 트리 리프
INSERT INTO LEAF (ID, TREE_ID, PARENT_LEAF_ID, VISIBILITY, VIEW_COUNT, LIKE_COUNT, TITLE, CONTENT, CHILD_LEAF_COUNT, BOOK_MARK) VALUES (9970, 997, NULL, 1, 0, 0, 'testLeaf9970', 'testLeafContent9975', 0, 0);
INSERT INTO LEAF (ID, TREE_ID, PARENT_LEAF_ID, VISIBILITY, VIEW_COUNT, LIKE_COUNT, TITLE, CONTENT, CHILD_LEAF_COUNT, BOOK_MARK) VALUES (9971, 997, 9970, 1, 0, 0, 'testLeaf9975', 'testLeafContent9971', 0, 0);
INSERT INTO LEAF (ID, TREE_ID, PARENT_LEAF_ID, VISIBILITY, VIEW_COUNT, LIKE_COUNT, TITLE, CONTENT, CHILD_LEAF_COUNT, BOOK_MARK) VALUES (9972, 997, 9971, 1, 0, 0, 'testLeaf9972', 'testLeafContent9972', 0, 0);
INSERT INTO LEAF (ID, TREE_ID, PARENT_LEAF_ID, VISIBILITY, VIEW_COUNT, LIKE_COUNT, TITLE, CONTENT, CHILD_LEAF_COUNT, BOOK_MARK) VALUES (9973, 997, 9972, 1, 0, 0, 'testLeaf9973', 'testLeafContent9973', 0, 0);
INSERT INTO LEAF (ID, TREE_ID, PARENT_LEAF_ID, VISIBILITY, VIEW_COUNT, LIKE_COUNT, TITLE, CONTENT, CHILD_LEAF_COUNT, BOOK_MARK) VALUES (9974, 997, 9973, 1, 0, 0, 'testLeaf9974', 'testLeafContent9974', 0, 0);
INSERT INTO LEAF (ID, TREE_ID, PARENT_LEAF_ID, VISIBILITY, VIEW_COUNT, LIKE_COUNT, TITLE, CONTENT, CHILD_LEAF_COUNT, BOOK_MARK) VALUES (9975, 997, 9974, 1, 0, 0, 'testLeaf9975', 'testLeafContent9975', 0, 0);
INSERT INTO LEAF (ID, TREE_ID, PARENT_LEAF_ID, VISIBILITY, VIEW_COUNT, LIKE_COUNT, TITLE, CONTENT, CHILD_LEAF_COUNT, BOOK_MARK) VALUES (9976, 997, 9975, 1, 0, 0, 'testLeaf9976', 'testLeafContent9976', 0, 0);
INSERT INTO LEAF (ID, TREE_ID, PARENT_LEAF_ID, VISIBILITY, VIEW_COUNT, LIKE_COUNT, TITLE, CONTENT, CHILD_LEAF_COUNT, BOOK_MARK) VALUES (9977, 997, 9976, 1, 0, 0, 'testLeaf9975', 'testLeafContent9975', 0, 0);

-- 998 트리 리프
INSERT INTO LEAF (ID, TREE_ID, PARENT_LEAF_ID, VISIBILITY, VIEW_COUNT, LIKE_COUNT, TITLE, CONTENT, CHILD_LEAF_COUNT, BOOK_MARK) VALUES (9980, 998, NULL, 1, 0, 0, 'testLeaf9970', 'testLeafContent9970', 0, 0);
INSERT INTO LEAF (ID, TREE_ID, PARENT_LEAF_ID, VISIBILITY, VIEW_COUNT, LIKE_COUNT, TITLE, CONTENT, CHILD_LEAF_COUNT, BOOK_MARK) VALUES (9981, 998, 9980, 1, 0, 0, 'testLeaf9971', 'testLeafContent9971', 0, 0);
INSERT INTO LEAF (ID, TREE_ID, PARENT_LEAF_ID, VISIBILITY, VIEW_COUNT, LIKE_COUNT, TITLE, CONTENT, CHILD_LEAF_COUNT, BOOK_MARK) VALUES (9982, 998, 9981, 1, 0, 0, 'testLeaf9972', 'testLeafContent9972', 0, 0);
INSERT INTO LEAF (ID, TREE_ID, PARENT_LEAF_ID, VISIBILITY, VIEW_COUNT, LIKE_COUNT, TITLE, CONTENT, CHILD_LEAF_COUNT, BOOK_MARK) VALUES (9983, 998, 9982, 1, 0, 0, 'testLeaf9973', 'testLeafContent9973', 0, 0);
INSERT INTO LEAF (ID, TREE_ID, PARENT_LEAF_ID, VISIBILITY, VIEW_COUNT, LIKE_COUNT, TITLE, CONTENT, CHILD_LEAF_COUNT, BOOK_MARK) VALUES (9984, 998, 9983, 1, 0, 0, 'testLeaf9974', 'testLeafContent9974', 0, 0);
INSERT INTO LEAF (ID, TREE_ID, PARENT_LEAF_ID, VISIBILITY, VIEW_COUNT, LIKE_COUNT, TITLE, CONTENT, CHILD_LEAF_COUNT, BOOK_MARK) VALUES (9985, 998, 9984, 1, 0, 0, 'testLeaf9975', 'testLeafContent9975', 0, 0);
INSERT INTO LEAF (ID, TREE_ID, PARENT_LEAF_ID, VISIBILITY, VIEW_COUNT, LIKE_COUNT, TITLE, CONTENT, CHILD_LEAF_COUNT, BOOK_MARK) VALUES (9986, 998, 9985, 1, 0, 0, 'testLeaf9976', 'testLeafContent9976', 0, 0);
INSERT INTO LEAF (ID, TREE_ID, PARENT_LEAF_ID, VISIBILITY, VIEW_COUNT, LIKE_COUNT, TITLE, CONTENT, CHILD_LEAF_COUNT, BOOK_MARK) VALUES (9987, 998, 9986, 1, 0, 0, 'testLeaf9977', 'testLeafContent9977', 0, 0);